Workbook

Sheet HƯỚNG DẪN
B1: CÁCH DÙNG: 3 BƯỚC
B3: Bước 1. Chạy PROMPT TỰ ĐỘNG trong Claude hoặc ChatGPT đã kết nối FastMoss MCP. AI tự chốt ngách, chọn 5 sản phẩm win + 5 sản phẩm vệ tinh, lấy số FastMoss. Dán khối kết quả vào sheet DỮ LIỆU FASTMOSS, ô A5.
B4: Bước 2. Làm việc với nhà cung cấp, rồi chạy PROMPT NHẬP HÀNG: dán tin nhắn hoặc listing của nhà cung cấp, AI trích giá nhập, cân nặng, MOQ... Dán khối kết quả vào sheet NHẬP HÀNG, ô C5. Đây là bước duy nhất cần thông tin nhập hàng của bạn.
B5: Bước 3. Mở sheet KẾT QUẢ: lợi nhuận mỗi đơn, giá bán đề xuất, giá nhập tối đa và kết luận Làm, Cân nhắc, Bỏ cho từng sản phẩm. Không cần nhập gì thêm.
B7: Ô màu xanh nhạt: dán kết quả từ AI. Ô màu vàng: số bạn có thể chỉnh (chỉ ở THAM SỐ và cột giá bán dự kiến). Ô trắng: tự tính.
B8: Hai prompt nằm ở trang Bộ prompt FastMoss: https://mentor.huytim.com/files/bo-prompt-fastmoss.html
B9: Mọi con số là ước tính. Đối chiếu bảng phí thật của sàn trước khi nhập hàng.

Sheet THAM SỐ
B1: THAM SỐ
B2: Mặc định dùng được ngay. Mentor hoặc học viên chỉnh khi cần.
B4: Thị trường (VN hoặc US) | C4: US | D4: Chọn VN hoặc US
B5: Đơn vị tiền | C5: =IF(C4="VN","VND","USD")
B6: Biên lợi nhuận mong muốn (% giá bán) | C6: 0.2
B7: Chi phí quảng cáo cho đơn chạy ads (% giá bán) | C7: 0.1
B8: Hoàn, hủy, hỏng (% giá bán) | C8: 0.02
B9: Marketing khác mỗi đơn | C9: 0
B10: Chi phí cố định mỗi tháng | C10: 0 | D10: Lương, điện, mạng, thuê chỗ. Để 0 nếu chưa tính
B11: Số đơn dự kiến mỗi tháng | C11: 0
B12: Biến phí mỗi đơn | C12: 0 | D12: Túi, băng dính, thư cảm ơn
B15: Phí sàn | C15: VN (VND) | D15: US (USD) | E15: Ghi chú
B16: Phí giao dịch (% giá bán) | C16: 0.06 | D16: 0 | E16: VN: kiểm tra Seller Center. US: giá trị mẫu, nhập lại theo sàn.
B17: Hoa hồng sàn theo ngành (% giá bán) | C17: 0.14 | D17: 0.06 | E17: Thay bằng mức của ngành bạn bán.
B18: Phí xử lý mỗi đơn | C18: 3000 | D18: 0.3 | E18: Giá trị mẫu.
B19: Thuế (% giá bán) | C19: 0.015 | D19: 0 | E19: VN: thuế hộ kinh doanh. US: giá trị mẫu.
B21: Phí sàn là số mẫu, luôn đối chiếu bảng phí mới nhất của sàn.

Sheet DỮ LIỆU FASTMOSS
A1: DỮ LIỆU FASTMOSS
A2: Dán kết quả của PROMPT TỰ ĐỘNG vào ô A5 (không dán tiêu đề). Gồm đúng 14 cột, tối đa 10 sản phẩm.
A4: Mã SP | B4: Loại | C4: Tên sản phẩm | D4: Giá thấp nhất | E4: Giá trung vị | F4: Giá cao nhất | G4: Giá shop bán chạy nhất | H4: Tổng số bán 28 ngày | I4: Hoa hồng affiliate (số %, ví dụ 10) | J4: % GMV từ affiliate | K4: % GMV từ quảng cáo | L4: Số đối thủ | M4: Nhận định thị trường | N4: Link FastMoss

Sheet NHẬP HÀNG
A1: NHẬP HÀNG
A2: Dán kết quả của PROMPT NHẬP HÀNG vào ô C5 (không dán tiêu đề), thứ tự dòng giống sheet DỮ LIỆU FASTMOSS. Cột A, B tự hiện.
A4: Mã SP | B4: Tên sản phẩm | C4: Giá nhập mỗi cái | D4: Cân nặng mỗi cái (kg) | E4: Giá ship quốc tế mỗi kg | F4: Fulfillment mỗi đơn | G4: Logistics đầu đích mỗi đơn | H4: Logistics VN mỗi đơn | I4: Packing mỗi đơn | J4: MOQ | K4: Nhà cung cấp | L4: Giá bán dự kiến (trống = dùng giá trung vị)
A5: =IF('DỮ LIỆU FASTMOSS'!A5="","",'DỮ LIỆU FASTMOSS'!A5) | B5: =IF('DỮ LIỆU FASTMOSS'!C5="","",'DỮ LIỆU FASTMOSS'!C5)
A6: =IF('DỮ LIỆU FASTMOSS'!A6="","",'DỮ LIỆU FASTMOSS'!A6) | B6: =IF('DỮ LIỆU FASTMOSS'!C6="","",'DỮ LIỆU FASTMOSS'!C6)
A7: =IF('DỮ LIỆU FASTMOSS'!A7="","",'DỮ LIỆU FASTMOSS'!A7) | B7: =IF('DỮ LIỆU FASTMOSS'!C7="","",'DỮ LIỆU FASTMOSS'!C7)
A8: =IF('DỮ LIỆU FASTMOSS'!A8="","",'DỮ LIỆU FASTMOSS'!A8) | B8: =IF('DỮ LIỆU FASTMOSS'!C8="","",'DỮ LIỆU FASTMOSS'!C8)
A9: =IF('DỮ LIỆU FASTMOSS'!A9="","",'DỮ LIỆU FASTMOSS'!A9) | B9: =IF('DỮ LIỆU FASTMOSS'!C9="","",'DỮ LIỆU FASTMOSS'!C9)
A10: =IF('DỮ LIỆU FASTMOSS'!A10="","",'DỮ LIỆU FASTMOSS'!A10) | B10: =IF('DỮ LIỆU FASTMOSS'!C10="","",'DỮ LIỆU FASTMOSS'!C10)
A11: =IF('DỮ LIỆU FASTMOSS'!A11="","",'DỮ LIỆU FASTMOSS'!A11) | B11: =IF('DỮ LIỆU FASTMOSS'!C11="","",'DỮ LIỆU FASTMOSS'!C11)
A12: =IF('DỮ LIỆU FASTMOSS'!A12="","",'DỮ LIỆU FASTMOSS'!A12) | B12: =IF('DỮ LIỆU FASTMOSS'!C12="","",'DỮ LIỆU FASTMOSS'!C12)
A13: =IF('DỮ LIỆU FASTMOSS'!A13="","",'DỮ LIỆU FASTMOSS'!A13) | B13: =IF('DỮ LIỆU FASTMOSS'!C13="","",'DỮ LIỆU FASTMOSS'!C13)
A14: =IF('DỮ LIỆU FASTMOSS'!A14="","",'DỮ LIỆU FASTMOSS'!A14) | B14: =IF('DỮ LIỆU FASTMOSS'!C14="","",'DỮ LIỆU FASTMOSS'!C14)

Sheet KẾT QUẢ
A1: KẾT QUẢ
A2: ="Thị trường: "&'THAM SỐ'!C4&" | Đơn vị tiền: "&'THAM SỐ'!C5&" | Biên mong muốn: "&TEXT('THAM SỐ'!C6,"0%")
A4: Mã SP | B4: Tên sản phẩm | C4: Loại | D4: Giá bán dùng để tính | E4: Giá vốn hàng về tới khách | F4: Phí sàn (giao dịch, hoa hồng, xử lý, thuế) | G4: Hoa hồng affiliate | H4: Vận hành và marketing mỗi đơn | I4: Hoàn, hủy, hỏng | J4: Lợi nhuận đơn tự nhiên | K4: Biên đơn tự nhiên | L4: Lợi nhuận đơn affiliate | M4: Lợi nhuận đơn quảng cáo | N4: Giá nhập tối đa để đạt biên | O4: Giá bán đề xuất để đạt biên | P4: Vị trí giá đề xuất so với thị trường | Q4: Kết luận
A5: =IF('DỮ LIỆU FASTMOSS'!A5="","",'DỮ LIỆU FASTMOSS'!A5) | B5: =IF('DỮ LIỆU FASTMOSS'!C5="","",'DỮ LIỆU FASTMOSS'!C5) | C5: =IF('DỮ LIỆU FASTMOSS'!B5="","",'DỮ LIỆU FASTMOSS'!B5) | D5: =IF(A5="","",IF('NHẬP HÀNG'!L5<>"",'NHẬP HÀNG'!L5,'DỮ LIỆU FASTMOSS'!E5)) | E5: =IF(OR(A5="",'NHẬP HÀNG'!C5=""),"",'NHẬP HÀNG'!C5+'NHẬP HÀNG'!D5*'NHẬP HÀNG'!E5+'NHẬP HÀNG'!F5+'NHẬP HÀNG'!G5+'NHẬP HÀNG'!H5+'NHẬP HÀNG'!I5) | F5: =IF(OR(A5="",D5=""),"",D5*(IF('THAM SỐ'!$C$4="VN",'THAM SỐ'!$C$16,'THAM SỐ'!$D$16)+IF('THAM SỐ'!$C$4="VN",'THAM SỐ'!$C$17,'THAM SỐ'!$D$17)+IF('THAM SỐ'!$C$4="VN",'THAM SỐ'!$C$19,'THAM SỐ'!$D$19))+IF('THAM SỐ'!$C$4="VN",'THAM SỐ'!$C$18,'THAM SỐ'!$D$18)) | G5: =IF(OR(A5="",D5=""),"",D5*'DỮ LIỆU FASTMOSS'!I5/100) | H5: =IF(A5="","",IFERROR('THAM SỐ'!C10/'THAM SỐ'!C11,0)+'THAM SỐ'!C12+'THAM SỐ'!C9) | I5: =IF(OR(A5="",D5=""),"",D5*'THAM SỐ'!C8) | J5: =IF(OR(E5="",D5=""),"",D5-E5-F5-H5-I5) | K5: =IF(J5="","",IFERROR(J5/D5,"")) | L5: =IF(J5="","",J5-G5) | M5: =IF(J5="","",J5-D5*'THAM SỐ'!C7) | N5: =IF(OR(E5="",D5=""),"",D5*(1-IF('THAM SỐ'!$C$4="VN",'THAM SỐ'!$C$16,'THAM SỐ'!$D$16)-IF('THAM SỐ'!$C$4="VN",'THAM SỐ'!$C$17,'THAM SỐ'!$D$17)-IF('THAM SỐ'!$C$4="VN",'THAM SỐ'!$C$19,'THAM SỐ'!$D$19)-'THAM SỐ'!C8-'THAM SỐ'!C6)-(IF('THAM SỐ'!$C$4="VN",'THAM SỐ'!$C$18,'THAM SỐ'!$D$18)+H5+(E5-'NHẬP HÀNG'!C5))) | O5: =IF(E5="","",IF((IF('THAM SỐ'!$C$4="VN",'THAM SỐ'!$C$16,'THAM SỐ'!$D$16)+IF('THAM SỐ'!$C$4="VN",'THAM SỐ'!$C$17,'THAM SỐ'!$D$17)+IF('THAM SỐ'!$C$4="VN",'THAM SỐ'!$C$19,'THAM SỐ'!$D$19)+'THAM SỐ'!C8+'THAM SỐ'!C6)>=1,"Không khả thi",(E5+IF('THAM SỐ'!$C$4="VN",'THAM SỐ'!$C$18,'THAM SỐ'!$D$18)+H5)/(1-IF('THAM SỐ'!$C$4="VN",'THAM SỐ'!$C$16,'THAM SỐ'!$D$16)-IF('THAM SỐ'!$C$4="VN",'THAM SỐ'!$C$17,'THAM SỐ'!$D$17)-IF('THAM SỐ'!$C$4="VN",'THAM SỐ'!$C$19,'THAM SỐ'!$D$19)-'THAM SỐ'!C8-'THAM SỐ'!C6))) | P5: =IF(OR(NOT(ISNUMBER(O5)),'DỮ LIỆU FASTMOSS'!D5=""),"",IF(O5<'DỮ LIỆU FASTMOSS'!D5,"Thấp hơn mọi đối thủ",IF(O5<='DỮ LIỆU FASTMOSS'!E5,"Dưới hoặc bằng trung vị",IF(O5<='DỮ LIỆU FASTMOSS'!F5,"Trên trung vị, trong vùng giá","Cao hơn mọi đối thủ")))) | Q5: =IF(A5="","",IF(E5="","Chờ nhập hàng",IF(AND(K5>='THAM SỐ'!C6,NOT(P5="Cao hơn mọi đối thủ")),"Làm",IF(J5>0,"Cân nhắc","Bỏ"))))
A6: =IF('DỮ LIỆU FASTMOSS'!A6="","",'DỮ LIỆU FASTMOSS'!A6) | B6: =IF('DỮ LIỆU FASTMOSS'!C6="","",'DỮ LIỆU FASTMOSS'!C6) | C6: =IF('DỮ LIỆU FASTMOSS'!B6="","",'DỮ LIỆU FASTMOSS'!B6) | D6: =IF(A6="","",IF('NHẬP HÀNG'!L6<>"",'NHẬP HÀNG'!L6,'DỮ LIỆU FASTMOSS'!E6)) | E6: =IF(OR(A6="",'NHẬP HÀNG'!C6=""),"",'NHẬP HÀNG'!C6+'NHẬP HÀNG'!D6*'NHẬP HÀNG'!E6+'NHẬP HÀNG'!F6+'NHẬP HÀNG'!G6+'NHẬP HÀNG'!H6+'NHẬP HÀNG'!I6) | F6: =IF(OR(A6="",D6=""),"",D6*(IF('THAM SỐ'!$C$4="VN",'THAM SỐ'!$C$16,'THAM SỐ'!$D$16)+IF('THAM SỐ'!$C$4="VN",'THAM SỐ'!$C$17,'THAM SỐ'!$D$17)+IF('THAM SỐ'!$C$4="VN",'THAM SỐ'!$C$19,'THAM SỐ'!$D$19))+IF('THAM SỐ'!$C$4="VN",'THAM SỐ'!$C$18,'THAM SỐ'!$D$18)) | G6: =IF(OR(A6="",D6=""),"",D6*'DỮ LIỆU FASTMOSS'!I6/100) | H6: =IF(A6="","",IFERROR('THAM SỐ'!C10/'THAM SỐ'!C11,0)+'THAM SỐ'!C12+'THAM SỐ'!C9) | I6: =IF(OR(A6="",D6=""),"",D6*'THAM SỐ'!C8) | J6: =IF(OR(E6="",D6=""),"",D6-E6-F6-H6-I6) | K6: =IF(J6="","",IFERROR(J6/D6,"")) | L6: =IF(J6="","",J6-G6) | M6: =IF(J6="","",J6-D6*'THAM SỐ'!C7) | N6: =IF(OR(E6="",D6=""),"",D6*(1-IF('THAM SỐ'!$C$4="VN",'THAM SỐ'!$C$16,'THAM SỐ'!$D$16)-IF('THAM SỐ'!$C$4="VN",'THAM SỐ'!$C$17,'THAM SỐ'!$D$17)-IF('THAM SỐ'!$C$4="VN",'THAM SỐ'!$C$19,'THAM SỐ'!$D$19)-'THAM SỐ'!C8-'THAM SỐ'!C6)-(IF('THAM SỐ'!$C$4="VN",'THAM SỐ'!$C$18,'THAM SỐ'!$D$18)+H6+(E6-'NHẬP HÀNG'!C6))) | O6: =IF(E6="","",IF((IF('THAM SỐ'!$C$4="VN",'THAM SỐ'!$C$16,'THAM SỐ'!$D$16)+IF('THAM SỐ'!$C$4="VN",'THAM SỐ'!$C$17,'THAM SỐ'!$D$17)+IF('THAM SỐ'!$C$4="VN",'THAM SỐ'!$C$19,'THAM SỐ'!$D$19)+'THAM SỐ'!C8+'THAM SỐ'!C6)>=1,"Không khả thi",(E6+IF('THAM SỐ'!$C$4="VN",'THAM SỐ'!$C$18,'THAM SỐ'!$D$18)+H6)/(1-IF('THAM SỐ'!$C$4="VN",'THAM SỐ'!$C$16,'THAM SỐ'!$D$16)-IF('THAM SỐ'!$C$4="VN",'THAM SỐ'!$C$17,'THAM SỐ'!$D$17)-IF('THAM SỐ'!$C$4="VN",'THAM SỐ'!$C$19,'THAM SỐ'!$D$19)-'THAM SỐ'!C8-'THAM SỐ'!C6))) | P6: =IF(OR(NOT(ISNUMBER(O6)),'DỮ LIỆU FASTMOSS'!D6=""),"",IF(O6<'DỮ LIỆU FASTMOSS'!D6,"Thấp hơn mọi đối thủ",IF(O6<='DỮ LIỆU FASTMOSS'!E6,"Dưới hoặc bằng trung vị",IF(O6<='DỮ LIỆU FASTMOSS'!F6,"Trên trung vị, trong vùng giá","Cao hơn mọi đối thủ")))) | Q6: =IF(A6="","",IF(E6="","Chờ nhập hàng",IF(AND(K6>='THAM SỐ'!C6,NOT(P6="Cao hơn mọi đối thủ")),"Làm",IF(J6>0,"Cân nhắc","Bỏ"))))
A7: =IF('DỮ LIỆU FASTMOSS'!A7="","",'DỮ LIỆU FASTMOSS'!A7) | B7: =IF('DỮ LIỆU FASTMOSS'!C7="","",'DỮ LIỆU FASTMOSS'!C7) | C7: =IF('DỮ LIỆU FASTMOSS'!B7="","",'DỮ LIỆU FASTMOSS'!B7) | D7: =IF(A7="","",IF('NHẬP HÀNG'!L7<>"",'NHẬP HÀNG'!L7,'DỮ LIỆU FASTMOSS'!E7)) | E7: =IF(OR(A7="",'NHẬP HÀNG'!C7=""),"",'NHẬP HÀNG'!C7+'NHẬP HÀNG'!D7*'NHẬP HÀNG'!E7+'NHẬP HÀNG'!F7+'NHẬP HÀNG'!G7+'NHẬP HÀNG'!H7+'NHẬP HÀNG'!I7) | F7: =IF(OR(A7="",D7=""),"",D7*(IF('THAM SỐ'!$C$4="VN",'THAM SỐ'!$C$16,'THAM SỐ'!$D$16)+IF('THAM SỐ'!$C$4="VN",'THAM SỐ'!$C$17,'THAM SỐ'!$D$17)+IF('THAM SỐ'!$C$4="VN",'THAM SỐ'!$C$19,'THAM SỐ'!$D$19))+IF('THAM SỐ'!$C$4="VN",'THAM SỐ'!$C$18,'THAM SỐ'!$D$18)) | G7: =IF(OR(A7="",D7=""),"",D7*'DỮ LIỆU FASTMOSS'!I7/100) | H7: =IF(A7="","",IFERROR('THAM SỐ'!C10/'THAM SỐ'!C11,0)+'THAM SỐ'!C12+'THAM SỐ'!C9) | I7: =IF(OR(A7="",D7=""),"",D7*'THAM SỐ'!C8) | J7: =IF(OR(E7="",D7=""),"",D7-E7-F7-H7-I7) | K7: =IF(J7="","",IFERROR(J7/D7,"")) | L7: =IF(J7="","",J7-G7) | M7: =IF(J7="","",J7-D7*'THAM SỐ'!C7) | N7: =IF(OR(E7="",D7=""),"",D7*(1-IF('THAM SỐ'!$C$4="VN",'THAM SỐ'!$C$16,'THAM SỐ'!$D$16)-IF('THAM SỐ'!$C$4="VN",'THAM SỐ'!$C$17,'THAM SỐ'!$D$17)-IF('THAM SỐ'!$C$4="VN",'THAM SỐ'!$C$19,'THAM SỐ'!$D$19)-'THAM SỐ'!C8-'THAM SỐ'!C6)-(IF('THAM SỐ'!$C$4="VN",'THAM SỐ'!$C$18,'THAM SỐ'!$D$18)+H7+(E7-'NHẬP HÀNG'!C7))) | O7: =IF(E7="","",IF((IF('THAM SỐ'!$C$4="VN",'THAM SỐ'!$C$16,'THAM SỐ'!$D$16)+IF('THAM SỐ'!$C$4="VN",'THAM SỐ'!$C$17,'THAM SỐ'!$D$17)+IF('THAM SỐ'!$C$4="VN",'THAM SỐ'!$C$19,'THAM SỐ'!$D$19)+'THAM SỐ'!C8+'THAM SỐ'!C6)>=1,"Không khả thi",(E7+IF('THAM SỐ'!$C$4="VN",'THAM SỐ'!$C$18,'THAM SỐ'!$D$18)+H7)/(1-IF('THAM SỐ'!$C$4="VN",'THAM SỐ'!$C$16,'THAM SỐ'!$D$16)-IF('THAM SỐ'!$C$4="VN",'THAM SỐ'!$C$17,'THAM SỐ'!$D$17)-IF('THAM SỐ'!$C$4="VN",'THAM SỐ'!$C$19,'THAM SỐ'!$D$19)-'THAM SỐ'!C8-'THAM SỐ'!C6))) | P7: =IF(OR(NOT(ISNUMBER(O7)),'DỮ LIỆU FASTMOSS'!D7=""),"",IF(O7<'DỮ LIỆU FASTMOSS'!D7,"Thấp hơn mọi đối thủ",IF(O7<='DỮ LIỆU FASTMOSS'!E7,"Dưới hoặc bằng trung vị",IF(O7<='DỮ LIỆU FASTMOSS'!F7,"Trên trung vị, trong vùng giá","Cao hơn mọi đối thủ")))) | Q7: =IF(A7="","",IF(E7="","Chờ nhập hàng",IF(AND(K7>='THAM SỐ'!C6,NOT(P7="Cao hơn mọi đối thủ")),"Làm",IF(J7>0,"Cân nhắc","Bỏ"))))
A8: =IF('DỮ LIỆU FASTMOSS'!A8="","",'DỮ LIỆU FASTMOSS'!A8) | B8: =IF('DỮ LIỆU FASTMOSS'!C8="","",'DỮ LIỆU FASTMOSS'!C8) | C8: =IF('DỮ LIỆU FASTMOSS'!B8="","",'DỮ LIỆU FASTMOSS'!B8) | D8: =IF(A8="","",IF('NHẬP HÀNG'!L8<>"",'NHẬP HÀNG'!L8,'DỮ LIỆU FASTMOSS'!E8)) | E8: =IF(OR(A8="",'NHẬP HÀNG'!C8=""),"",'NHẬP HÀNG'!C8+'NHẬP HÀNG'!D8*'NHẬP HÀNG'!E8+'NHẬP HÀNG'!F8+'NHẬP HÀNG'!G8+'NHẬP HÀNG'!H8+'NHẬP HÀNG'!I8) | F8: =IF(OR(A8="",D8=""),"",D8*(IF('THAM SỐ'!$C$4="VN",'THAM SỐ'!$C$16,'THAM SỐ'!$D$16)+IF('THAM SỐ'!$C$4="VN",'THAM SỐ'!$C$17,'THAM SỐ'!$D$17)+IF('THAM SỐ'!$C$4="VN",'THAM SỐ'!$C$19,'THAM SỐ'!$D$19))+IF('THAM SỐ'!$C$4="VN",'THAM SỐ'!$C$18,'THAM SỐ'!$D$18)) | G8: =IF(OR(A8="",D8=""),"",D8*'DỮ LIỆU FASTMOSS'!I8/100) | H8: =IF(A8="","",IFERROR('THAM SỐ'!C10/'THAM SỐ'!C11,0)+'THAM SỐ'!C12+'THAM SỐ'!C9) | I8: =IF(OR(A8="",D8=""),"",D8*'THAM SỐ'!C8) | J8: =IF(OR(E8="",D8=""),"",D8-E8-F8-H8-I8) | K8: =IF(J8="","",IFERROR(J8/D8,"")) | L8: =IF(J8="","",J8-G8) | M8: =IF(J8="","",J8-D8*'THAM SỐ'!C7) | N8: =IF(OR(E8="",D8=""),"",D8*(1-IF('THAM SỐ'!$C$4="VN",'THAM SỐ'!$C$16,'THAM SỐ'!$D$16)-IF('THAM SỐ'!$C$4="VN",'THAM SỐ'!$C$17,'THAM SỐ'!$D$17)-IF('THAM SỐ'!$C$4="VN",'THAM SỐ'!$C$19,'THAM SỐ'!$D$19)-'THAM SỐ'!C8-'THAM SỐ'!C6)-(IF('THAM SỐ'!$C$4="VN",'THAM SỐ'!$C$18,'THAM SỐ'!$D$18)+H8+(E8-'NHẬP HÀNG'!C8))) | O8: =IF(E8="","",IF((IF('THAM SỐ'!$C$4="VN",'THAM SỐ'!$C$16,'THAM SỐ'!$D$16)+IF('THAM SỐ'!$C$4="VN",'THAM SỐ'!$C$17,'THAM SỐ'!$D$17)+IF('THAM SỐ'!$C$4="VN",'THAM SỐ'!$C$19,'THAM SỐ'!$D$19)+'THAM SỐ'!C8+'THAM SỐ'!C6)>=1,"Không khả thi",(E8+IF('THAM SỐ'!$C$4="VN",'THAM SỐ'!$C$18,'THAM SỐ'!$D$18)+H8)/(1-IF('THAM SỐ'!$C$4="VN",'THAM SỐ'!$C$16,'THAM SỐ'!$D$16)-IF('THAM SỐ'!$C$4="VN",'THAM SỐ'!$C$17,'THAM SỐ'!$D$17)-IF('THAM SỐ'!$C$4="VN",'THAM SỐ'!$C$19,'THAM SỐ'!$D$19)-'THAM SỐ'!C8-'THAM SỐ'!C6))) | P8: =IF(OR(NOT(ISNUMBER(O8)),'DỮ LIỆU FASTMOSS'!D8=""),"",IF(O8<'DỮ LIỆU FASTMOSS'!D8,"Thấp hơn mọi đối thủ",IF(O8<='DỮ LIỆU FASTMOSS'!E8,"Dưới hoặc bằng trung vị",IF(O8<='DỮ LIỆU FASTMOSS'!F8,"Trên trung vị, trong vùng giá","Cao hơn mọi đối thủ")))) | Q8: =IF(A8="","",IF(E8="","Chờ nhập hàng",IF(AND(K8>='THAM SỐ'!C6,NOT(P8="Cao hơn mọi đối thủ")),"Làm",IF(J8>0,"Cân nhắc","Bỏ"))))
A9: =IF('DỮ LIỆU FASTMOSS'!A9="","",'DỮ LIỆU FASTMOSS'!A9) | B9: =IF('DỮ LIỆU FASTMOSS'!C9="","",'DỮ LIỆU FASTMOSS'!C9) | C9: =IF('DỮ LIỆU FASTMOSS'!B9="","",'DỮ LIỆU FASTMOSS'!B9) | D9: =IF(A9="","",IF('NHẬP HÀNG'!L9<>"",'NHẬP HÀNG'!L9,'DỮ LIỆU FASTMOSS'!E9)) | E9: =IF(OR(A9="",'NHẬP HÀNG'!C9=""),"",'NHẬP HÀNG'!C9+'NHẬP HÀNG'!D9*'NHẬP HÀNG'!E9+'NHẬP HÀNG'!F9+'NHẬP HÀNG'!G9+'NHẬP HÀNG'!H9+'NHẬP HÀNG'!I9) | F9: =IF(OR(A9="",D9=""),"",D9*(IF('THAM SỐ'!$C$4="VN",'THAM SỐ'!$C$16,'THAM SỐ'!$D$16)+IF('THAM SỐ'!$C$4="VN",'THAM SỐ'!$C$17,'THAM SỐ'!$D$17)+IF('THAM SỐ'!$C$4="VN",'THAM SỐ'!$C$19,'THAM SỐ'!$D$19))+IF('THAM SỐ'!$C$4="VN",'THAM SỐ'!$C$18,'THAM SỐ'!$D$18)) | G9: =IF(OR(A9="",D9=""),"",D9*'DỮ LIỆU FASTMOSS'!I9/100) | H9: =IF(A9="","",IFERROR('THAM SỐ'!C10/'THAM SỐ'!C11,0)+'THAM SỐ'!C12+'THAM SỐ'!C9) | I9: =IF(OR(A9="",D9=""),"",D9*'THAM SỐ'!C8) | J9: =IF(OR(E9="",D9=""),"",D9-E9-F9-H9-I9) | K9: =IF(J9="","",IFERROR(J9/D9,"")) | L9: =IF(J9="","",J9-G9) | M9: =IF(J9="","",J9-D9*'THAM SỐ'!C7) | N9: =IF(OR(E9="",D9=""),"",D9*(1-IF('THAM SỐ'!$C$4="VN",'THAM SỐ'!$C$16,'THAM SỐ'!$D$16)-IF('THAM SỐ'!$C$4="VN",'THAM SỐ'!$C$17,'THAM SỐ'!$D$17)-IF('THAM SỐ'!$C$4="VN",'THAM SỐ'!$C$19,'THAM SỐ'!$D$19)-'THAM SỐ'!C8-'THAM SỐ'!C6)-(IF('THAM SỐ'!$C$4="VN",'THAM SỐ'!$C$18,'THAM SỐ'!$D$18)+H9+(E9-'NHẬP HÀNG'!C9))) | O9: =IF(E9="","",IF((IF('THAM SỐ'!$C$4="VN",'THAM SỐ'!$C$16,'THAM SỐ'!$D$16)+IF('THAM SỐ'!$C$4="VN",'THAM SỐ'!$C$17,'THAM SỐ'!$D$17)+IF('THAM SỐ'!$C$4="VN",'THAM SỐ'!$C$19,'THAM SỐ'!$D$19)+'THAM SỐ'!C8+'THAM SỐ'!C6)>=1,"Không khả thi",(E9+IF('THAM SỐ'!$C$4="VN",'THAM SỐ'!$C$18,'THAM SỐ'!$D$18)+H9)/(1-IF('THAM SỐ'!$C$4="VN",'THAM SỐ'!$C$16,'THAM SỐ'!$D$16)-IF('THAM SỐ'!$C$4="VN",'THAM SỐ'!$C$17,'THAM SỐ'!$D$17)-IF('THAM SỐ'!$C$4="VN",'THAM SỐ'!$C$19,'THAM SỐ'!$D$19)-'THAM SỐ'!C8-'THAM SỐ'!C6))) | P9: =IF(OR(NOT(ISNUMBER(O9)),'DỮ LIỆU FASTMOSS'!D9=""),"",IF(O9<'DỮ LIỆU FASTMOSS'!D9,"Thấp hơn mọi đối thủ",IF(O9<='DỮ LIỆU FASTMOSS'!E9,"Dưới hoặc bằng trung vị",IF(O9<='DỮ LIỆU FASTMOSS'!F9,"Trên trung vị, trong vùng giá","Cao hơn mọi đối thủ")))) | Q9: =IF(A9="","",IF(E9="","Chờ nhập hàng",IF(AND(K9>='THAM SỐ'!C6,NOT(P9="Cao hơn mọi đối thủ")),"Làm",IF(J9>0,"Cân nhắc","Bỏ"))))
A10: =IF('DỮ LIỆU FASTMOSS'!A10="","",'DỮ LIỆU FASTMOSS'!A10) | B10: =IF('DỮ LIỆU FASTMOSS'!C10="","",'DỮ LIỆU FASTMOSS'!C10) | C10: =IF('DỮ LIỆU FASTMOSS'!B10="","",'DỮ LIỆU FASTMOSS'!B10) | D10: =IF(A10="","",IF('NHẬP HÀNG'!L10<>"",'NHẬP HÀNG'!L10,'DỮ LIỆU FASTMOSS'!E10)) | E10: =IF(OR(A10="",'NHẬP HÀNG'!C10=""),"",'NHẬP HÀNG'!C10+'NHẬP HÀNG'!D10*'NHẬP HÀNG'!E10+'NHẬP HÀNG'!F10+'NHẬP HÀNG'!G10+'NHẬP HÀNG'!H10+'NHẬP HÀNG'!I10) | F10: =IF(OR(A10="",D10=""),"",D10*(IF('THAM SỐ'!$C$4="VN",'THAM SỐ'!$C$16,'THAM SỐ'!$D$16)+IF('THAM SỐ'!$C$4="VN",'THAM SỐ'!$C$17,'THAM SỐ'!$D$17)+IF('THAM SỐ'!$C$4="VN",'THAM SỐ'!$C$19,'THAM SỐ'!$D$19))+IF('THAM SỐ'!$C$4="VN",'THAM SỐ'!$C$18,'THAM SỐ'!$D$18)) | G10: =IF(OR(A10="",D10=""),"",D10*'DỮ LIỆU FASTMOSS'!I10/100) | H10: =IF(A10="","",IFERROR('THAM SỐ'!C10/'THAM SỐ'!C11,0)+'THAM SỐ'!C12+'THAM SỐ'!C9) | I10: =IF(OR(A10="",D10=""),"",D10*'THAM SỐ'!C8) | J10: =IF(OR(E10="",D10=""),"",D10-E10-F10-H10-I10) | K10: =IF(J10="","",IFERROR(J10/D10,"")) | L10: =IF(J10="","",J10-G10) | M10: =IF(J10="","",J10-D10*'THAM SỐ'!C7) | N10: =IF(OR(E10="",D10=""),"",D10*(1-IF('THAM SỐ'!$C$4="VN",'THAM SỐ'!$C$16,'THAM SỐ'!$D$16)-IF('THAM SỐ'!$C$4="VN",'THAM SỐ'!$C$17,'THAM SỐ'!$D$17)-IF('THAM SỐ'!$C$4="VN",'THAM SỐ'!$C$19,'THAM SỐ'!$D$19)-'THAM SỐ'!C8-'THAM SỐ'!C6)-(IF('THAM SỐ'!$C$4="VN",'THAM SỐ'!$C$18,'THAM SỐ'!$D$18)+H10+(E10-'NHẬP HÀNG'!C10))) | O10: =IF(E10="","",IF((IF('THAM SỐ'!$C$4="VN",'THAM SỐ'!$C$16,'THAM SỐ'!$D$16)+IF('THAM SỐ'!$C$4="VN",'THAM SỐ'!$C$17,'THAM SỐ'!$D$17)+IF('THAM SỐ'!$C$4="VN",'THAM SỐ'!$C$19,'THAM SỐ'!$D$19)+'THAM SỐ'!C8+'THAM SỐ'!C6)>=1,"Không khả thi",(E10+IF('THAM SỐ'!$C$4="VN",'THAM SỐ'!$C$18,'THAM SỐ'!$D$18)+H10)/(1-IF('THAM SỐ'!$C$4="VN",'THAM SỐ'!$C$16,'THAM SỐ'!$D$16)-IF('THAM SỐ'!$C$4="VN",'THAM SỐ'!$C$17,'THAM SỐ'!$D$17)-IF('THAM SỐ'!$C$4="VN",'THAM SỐ'!$C$19,'THAM SỐ'!$D$19)-'THAM SỐ'!C8-'THAM SỐ'!C6))) | P10: =IF(OR(NOT(ISNUMBER(O10)),'DỮ LIỆU FASTMOSS'!D10=""),"",IF(O10<'DỮ LIỆU FASTMOSS'!D10,"Thấp hơn mọi đối thủ",IF(O10<='DỮ LIỆU FASTMOSS'!E10,"Dưới hoặc bằng trung vị",IF(O10<='DỮ LIỆU FASTMOSS'!F10,"Trên trung vị, trong vùng giá","Cao hơn mọi đối thủ")))) | Q10: =IF(A10="","",IF(E10="","Chờ nhập hàng",IF(AND(K10>='THAM SỐ'!C6,NOT(P10="Cao hơn mọi đối thủ")),"Làm",IF(J10>0,"Cân nhắc","Bỏ"))))
A11: =IF('DỮ LIỆU FASTMOSS'!A11="","",'DỮ LIỆU FASTMOSS'!A11) | B11: =IF('DỮ LIỆU FASTMOSS'!C11="","",'DỮ LIỆU FASTMOSS'!C11) | C11: =IF('DỮ LIỆU FASTMOSS'!B11="","",'DỮ LIỆU FASTMOSS'!B11) | D11: =IF(A11="","",IF('NHẬP HÀNG'!L11<>"",'NHẬP HÀNG'!L11,'DỮ LIỆU FASTMOSS'!E11)) | E11: =IF(OR(A11="",'NHẬP HÀNG'!C11=""),"",'NHẬP HÀNG'!C11+'NHẬP HÀNG'!D11*'NHẬP HÀNG'!E11+'NHẬP HÀNG'!F11+'NHẬP HÀNG'!G11+'NHẬP HÀNG'!H11+'NHẬP HÀNG'!I11) | F11: =IF(OR(A11="",D11=""),"",D11*(IF('THAM SỐ'!$C$4="VN",'THAM SỐ'!$C$16,'THAM SỐ'!$D$16)+IF('THAM SỐ'!$C$4="VN",'THAM SỐ'!$C$17,'THAM SỐ'!$D$17)+IF('THAM SỐ'!$C$4="VN",'THAM SỐ'!$C$19,'THAM SỐ'!$D$19))+IF('THAM SỐ'!$C$4="VN",'THAM SỐ'!$C$18,'THAM SỐ'!$D$18)) | G11: =IF(OR(A11="",D11=""),"",D11*'DỮ LIỆU FASTMOSS'!I11/100) | H11: =IF(A11="","",IFERROR('THAM SỐ'!C10/'THAM SỐ'!C11,0)+'THAM SỐ'!C12+'THAM SỐ'!C9) | I11: =IF(OR(A11="",D11=""),"",D11*'THAM SỐ'!C8) | J11: =IF(OR(E11="",D11=""),"",D11-E11-F11-H11-I11) | K11: =IF(J11="","",IFERROR(J11/D11,"")) | L11: =IF(J11="","",J11-G11) | M11: =IF(J11="","",J11-D11*'THAM SỐ'!C7) | N11: =IF(OR(E11="",D11=""),"",D11*(1-IF('THAM SỐ'!$C$4="VN",'THAM SỐ'!$C$16,'THAM SỐ'!$D$16)-IF('THAM SỐ'!$C$4="VN",'THAM SỐ'!$C$17,'THAM SỐ'!$D$17)-IF('THAM SỐ'!$C$4="VN",'THAM SỐ'!$C$19,'THAM SỐ'!$D$19)-'THAM SỐ'!C8-'THAM SỐ'!C6)-(IF('THAM SỐ'!$C$4="VN",'THAM SỐ'!$C$18,'THAM SỐ'!$D$18)+H11+(E11-'NHẬP HÀNG'!C11))) | O11: =IF(E11="","",IF((IF('THAM SỐ'!$C$4="VN",'THAM SỐ'!$C$16,'THAM SỐ'!$D$16)+IF('THAM SỐ'!$C$4="VN",'THAM SỐ'!$C$17,'THAM SỐ'!$D$17)+IF('THAM SỐ'!$C$4="VN",'THAM SỐ'!$C$19,'THAM SỐ'!$D$19)+'THAM SỐ'!C8+'THAM SỐ'!C6)>=1,"Không khả thi",(E11+IF('THAM SỐ'!$C$4="VN",'THAM SỐ'!$C$18,'THAM SỐ'!$D$18)+H11)/(1-IF('THAM SỐ'!$C$4="VN",'THAM SỐ'!$C$16,'THAM SỐ'!$D$16)-IF('THAM SỐ'!$C$4="VN",'THAM SỐ'!$C$17,'THAM SỐ'!$D$17)-IF('THAM SỐ'!$C$4="VN",'THAM SỐ'!$C$19,'THAM SỐ'!$D$19)-'THAM SỐ'!C8-'THAM SỐ'!C6))) | P11: =IF(OR(NOT(ISNUMBER(O11)),'DỮ LIỆU FASTMOSS'!D11=""),"",IF(O11<'DỮ LIỆU FASTMOSS'!D11,"Thấp hơn mọi đối thủ",IF(O11<='DỮ LIỆU FASTMOSS'!E11,"Dưới hoặc bằng trung vị",IF(O11<='DỮ LIỆU FASTMOSS'!F11,"Trên trung vị, trong vùng giá","Cao hơn mọi đối thủ")))) | Q11: =IF(A11="","",IF(E11="","Chờ nhập hàng",IF(AND(K11>='THAM SỐ'!C6,NOT(P11="Cao hơn mọi đối thủ")),"Làm",IF(J11>0,"Cân nhắc","Bỏ"))))
A12: =IF('DỮ LIỆU FASTMOSS'!A12="","",'DỮ LIỆU FASTMOSS'!A12) | B12: =IF('DỮ LIỆU FASTMOSS'!C12="","",'DỮ LIỆU FASTMOSS'!C12) | C12: =IF('DỮ LIỆU FASTMOSS'!B12="","",'DỮ LIỆU FASTMOSS'!B12) | D12: =IF(A12="","",IF('NHẬP HÀNG'!L12<>"",'NHẬP HÀNG'!L12,'DỮ LIỆU FASTMOSS'!E12)) | E12: =IF(OR(A12="",'NHẬP HÀNG'!C12=""),"",'NHẬP HÀNG'!C12+'NHẬP HÀNG'!D12*'NHẬP HÀNG'!E12+'NHẬP HÀNG'!F12+'NHẬP HÀNG'!G12+'NHẬP HÀNG'!H12+'NHẬP HÀNG'!I12) | F12: =IF(OR(A12="",D12=""),"",D12*(IF('THAM SỐ'!$C$4="VN",'THAM SỐ'!$C$16,'THAM SỐ'!$D$16)+IF('THAM SỐ'!$C$4="VN",'THAM SỐ'!$C$17,'THAM SỐ'!$D$17)+IF('THAM SỐ'!$C$4="VN",'THAM SỐ'!$C$19,'THAM SỐ'!$D$19))+IF('THAM SỐ'!$C$4="VN",'THAM SỐ'!$C$18,'THAM SỐ'!$D$18)) | G12: =IF(OR(A12="",D12=""),"",D12*'DỮ LIỆU FASTMOSS'!I12/100) | H12: =IF(A12="","",IFERROR('THAM SỐ'!C10/'THAM SỐ'!C11,0)+'THAM SỐ'!C12+'THAM SỐ'!C9) | I12: =IF(OR(A12="",D12=""),"",D12*'THAM SỐ'!C8) | J12: =IF(OR(E12="",D12=""),"",D12-E12-F12-H12-I12) | K12: =IF(J12="","",IFERROR(J12/D12,"")) | L12: =IF(J12="","",J12-G12) | M12: =IF(J12="","",J12-D12*'THAM SỐ'!C7) | N12: =IF(OR(E12="",D12=""),"",D12*(1-IF('THAM SỐ'!$C$4="VN",'THAM SỐ'!$C$16,'THAM SỐ'!$D$16)-IF('THAM SỐ'!$C$4="VN",'THAM SỐ'!$C$17,'THAM SỐ'!$D$17)-IF('THAM SỐ'!$C$4="VN",'THAM SỐ'!$C$19,'THAM SỐ'!$D$19)-'THAM SỐ'!C8-'THAM SỐ'!C6)-(IF('THAM SỐ'!$C$4="VN",'THAM SỐ'!$C$18,'THAM SỐ'!$D$18)+H12+(E12-'NHẬP HÀNG'!C12))) | O12: =IF(E12="","",IF((IF('THAM SỐ'!$C$4="VN",'THAM SỐ'!$C$16,'THAM SỐ'!$D$16)+IF('THAM SỐ'!$C$4="VN",'THAM SỐ'!$C$17,'THAM SỐ'!$D$17)+IF('THAM SỐ'!$C$4="VN",'THAM SỐ'!$C$19,'THAM SỐ'!$D$19)+'THAM SỐ'!C8+'THAM SỐ'!C6)>=1,"Không khả thi",(E12+IF('THAM SỐ'!$C$4="VN",'THAM SỐ'!$C$18,'THAM SỐ'!$D$18)+H12)/(1-IF('THAM SỐ'!$C$4="VN",'THAM SỐ'!$C$16,'THAM SỐ'!$D$16)-IF('THAM SỐ'!$C$4="VN",'THAM SỐ'!$C$17,'THAM SỐ'!$D$17)-IF('THAM SỐ'!$C$4="VN",'THAM SỐ'!$C$19,'THAM SỐ'!$D$19)-'THAM SỐ'!C8-'THAM SỐ'!C6))) | P12: =IF(OR(NOT(ISNUMBER(O12)),'DỮ LIỆU FASTMOSS'!D12=""),"",IF(O12<'DỮ LIỆU FASTMOSS'!D12,"Thấp hơn mọi đối thủ",IF(O12<='DỮ LIỆU FASTMOSS'!E12,"Dưới hoặc bằng trung vị",IF(O12<='DỮ LIỆU FASTMOSS'!F12,"Trên trung vị, trong vùng giá","Cao hơn mọi đối thủ")))) | Q12: =IF(A12="","",IF(E12="","Chờ nhập hàng",IF(AND(K12>='THAM SỐ'!C6,NOT(P12="Cao hơn mọi đối thủ")),"Làm",IF(J12>0,"Cân nhắc","Bỏ"))))
A13: =IF('DỮ LIỆU FASTMOSS'!A13="","",'DỮ LIỆU FASTMOSS'!A13) | B13: =IF('DỮ LIỆU FASTMOSS'!C13="","",'DỮ LIỆU FASTMOSS'!C13) | C13: =IF('DỮ LIỆU FASTMOSS'!B13="","",'DỮ LIỆU FASTMOSS'!B13) | D13: =IF(A13="","",IF('NHẬP HÀNG'!L13<>"",'NHẬP HÀNG'!L13,'DỮ LIỆU FASTMOSS'!E13)) | E13: =IF(OR(A13="",'NHẬP HÀNG'!C13=""),"",'NHẬP HÀNG'!C13+'NHẬP HÀNG'!D13*'NHẬP HÀNG'!E13+'NHẬP HÀNG'!F13+'NHẬP HÀNG'!G13+'NHẬP HÀNG'!H13+'NHẬP HÀNG'!I13) | F13: =IF(OR(A13="",D13=""),"",D13*(IF('THAM SỐ'!$C$4="VN",'THAM SỐ'!$C$16,'THAM SỐ'!$D$16)+IF('THAM SỐ'!$C$4="VN",'THAM SỐ'!$C$17,'THAM SỐ'!$D$17)+IF('THAM SỐ'!$C$4="VN",'THAM SỐ'!$C$19,'THAM SỐ'!$D$19))+IF('THAM SỐ'!$C$4="VN",'THAM SỐ'!$C$18,'THAM SỐ'!$D$18)) | G13: =IF(OR(A13="",D13=""),"",D13*'DỮ LIỆU FASTMOSS'!I13/100) | H13: =IF(A13="","",IFERROR('THAM SỐ'!C10/'THAM SỐ'!C11,0)+'THAM SỐ'!C12+'THAM SỐ'!C9) | I13: =IF(OR(A13="",D13=""),"",D13*'THAM SỐ'!C8) | J13: =IF(OR(E13="",D13=""),"",D13-E13-F13-H13-I13) | K13: =IF(J13="","",IFERROR(J13/D13,"")) | L13: =IF(J13="","",J13-G13) | M13: =IF(J13="","",J13-D13*'THAM SỐ'!C7) | N13: =IF(OR(E13="",D13=""),"",D13*(1-IF('THAM SỐ'!$C$4="VN",'THAM SỐ'!$C$16,'THAM SỐ'!$D$16)-IF('THAM SỐ'!$C$4="VN",'THAM SỐ'!$C$17,'THAM SỐ'!$D$17)-IF('THAM SỐ'!$C$4="VN",'THAM SỐ'!$C$19,'THAM SỐ'!$D$19)-'THAM SỐ'!C8-'THAM SỐ'!C6)-(IF('THAM SỐ'!$C$4="VN",'THAM SỐ'!$C$18,'THAM SỐ'!$D$18)+H13+(E13-'NHẬP HÀNG'!C13))) | O13: =IF(E13="","",IF((IF('THAM SỐ'!$C$4="VN",'THAM SỐ'!$C$16,'THAM SỐ'!$D$16)+IF('THAM SỐ'!$C$4="VN",'THAM SỐ'!$C$17,'THAM SỐ'!$D$17)+IF('THAM SỐ'!$C$4="VN",'THAM SỐ'!$C$19,'THAM SỐ'!$D$19)+'THAM SỐ'!C8+'THAM SỐ'!C6)>=1,"Không khả thi",(E13+IF('THAM SỐ'!$C$4="VN",'THAM SỐ'!$C$18,'THAM SỐ'!$D$18)+H13)/(1-IF('THAM SỐ'!$C$4="VN",'THAM SỐ'!$C$16,'THAM SỐ'!$D$16)-IF('THAM SỐ'!$C$4="VN",'THAM SỐ'!$C$17,'THAM SỐ'!$D$17)-IF('THAM SỐ'!$C$4="VN",'THAM SỐ'!$C$19,'THAM SỐ'!$D$19)-'THAM SỐ'!C8-'THAM SỐ'!C6))) | P13: =IF(OR(NOT(ISNUMBER(O13)),'DỮ LIỆU FASTMOSS'!D13=""),"",IF(O13<'DỮ LIỆU FASTMOSS'!D13,"Thấp hơn mọi đối thủ",IF(O13<='DỮ LIỆU FASTMOSS'!E13,"Dưới hoặc bằng trung vị",IF(O13<='DỮ LIỆU FASTMOSS'!F13,"Trên trung vị, trong vùng giá","Cao hơn mọi đối thủ")))) | Q13: =IF(A13="","",IF(E13="","Chờ nhập hàng",IF(AND(K13>='THAM SỐ'!C6,NOT(P13="Cao hơn mọi đối thủ")),"Làm",IF(J13>0,"Cân nhắc","Bỏ"))))
A14: =IF('DỮ LIỆU FASTMOSS'!A14="","",'DỮ LIỆU FASTMOSS'!A14) | B14: =IF('DỮ LIỆU FASTMOSS'!C14="","",'DỮ LIỆU FASTMOSS'!C14) | C14: =IF('DỮ LIỆU FASTMOSS'!B14="","",'DỮ LIỆU FASTMOSS'!B14) | D14: =IF(A14="","",IF('NHẬP HÀNG'!L14<>"",'NHẬP HÀNG'!L14,'DỮ LIỆU FASTMOSS'!E14)) | E14: =IF(OR(A14="",'NHẬP HÀNG'!C14=""),"",'NHẬP HÀNG'!C14+'NHẬP HÀNG'!D14*'NHẬP HÀNG'!E14+'NHẬP HÀNG'!F14+'NHẬP HÀNG'!G14+'NHẬP HÀNG'!H14+'NHẬP HÀNG'!I14) | F14: =IF(OR(A14="",D14=""),"",D14*(IF('THAM SỐ'!$C$4="VN",'THAM SỐ'!$C$16,'THAM SỐ'!$D$16)+IF('THAM SỐ'!$C$4="VN",'THAM SỐ'!$C$17,'THAM SỐ'!$D$17)+IF('THAM SỐ'!$C$4="VN",'THAM SỐ'!$C$19,'THAM SỐ'!$D$19))+IF('THAM SỐ'!$C$4="VN",'THAM SỐ'!$C$18,'THAM SỐ'!$D$18)) | G14: =IF(OR(A14="",D14=""),"",D14*'DỮ LIỆU FASTMOSS'!I14/100) | H14: =IF(A14="","",IFERROR('THAM SỐ'!C10/'THAM SỐ'!C11,0)+'THAM SỐ'!C12+'THAM SỐ'!C9) | I14: =IF(OR(A14="",D14=""),"",D14*'THAM SỐ'!C8) | J14: =IF(OR(E14="",D14=""),"",D14-E14-F14-H14-I14) | K14: =IF(J14="","",IFERROR(J14/D14,"")) | L14: =IF(J14="","",J14-G14) | M14: =IF(J14="","",J14-D14*'THAM SỐ'!C7) | N14: =IF(OR(E14="",D14=""),"",D14*(1-IF('THAM SỐ'!$C$4="VN",'THAM SỐ'!$C$16,'THAM SỐ'!$D$16)-IF('THAM SỐ'!$C$4="VN",'THAM SỐ'!$C$17,'THAM SỐ'!$D$17)-IF('THAM SỐ'!$C$4="VN",'THAM SỐ'!$C$19,'THAM SỐ'!$D$19)-'THAM SỐ'!C8-'THAM SỐ'!C6)-(IF('THAM SỐ'!$C$4="VN",'THAM SỐ'!$C$18,'THAM SỐ'!$D$18)+H14+(E14-'NHẬP HÀNG'!C14))) | O14: =IF(E14="","",IF((IF('THAM SỐ'!$C$4="VN",'THAM SỐ'!$C$16,'THAM SỐ'!$D$16)+IF('THAM SỐ'!$C$4="VN",'THAM SỐ'!$C$17,'THAM SỐ'!$D$17)+IF('THAM SỐ'!$C$4="VN",'THAM SỐ'!$C$19,'THAM SỐ'!$D$19)+'THAM SỐ'!C8+'THAM SỐ'!C6)>=1,"Không khả thi",(E14+IF('THAM SỐ'!$C$4="VN",'THAM SỐ'!$C$18,'THAM SỐ'!$D$18)+H14)/(1-IF('THAM SỐ'!$C$4="VN",'THAM SỐ'!$C$16,'THAM SỐ'!$D$16)-IF('THAM SỐ'!$C$4="VN",'THAM SỐ'!$C$17,'THAM SỐ'!$D$17)-IF('THAM SỐ'!$C$4="VN",'THAM SỐ'!$C$19,'THAM SỐ'!$D$19)-'THAM SỐ'!C8-'THAM SỐ'!C6))) | P14: =IF(OR(NOT(ISNUMBER(O14)),'DỮ LIỆU FASTMOSS'!D14=""),"",IF(O14<'DỮ LIỆU FASTMOSS'!D14,"Thấp hơn mọi đối thủ",IF(O14<='DỮ LIỆU FASTMOSS'!E14,"Dưới hoặc bằng trung vị",IF(O14<='DỮ LIỆU FASTMOSS'!F14,"Trên trung vị, trong vùng giá","Cao hơn mọi đối thủ")))) | Q14: =IF(A14="","",IF(E14="","Chờ nhập hàng",IF(AND(K14>='THAM SỐ'!C6,NOT(P14="Cao hơn mọi đối thủ")),"Làm",IF(J14>0,"Cân nhắc","Bỏ"))))
A16: Đọc kết quả: Làm = lời đạt biên mong muốn và giá đề xuất không cao hơn mọi đối thủ. Cân nhắc = có lời nhưng mỏng hoặc giá cao. Bỏ = lỗ. Nếu nhà cung cấp báo cao hơn Giá nhập tối đa thì đàm phán hoặc bỏ.
